Algorithm,Accuracy,Precision,Recall,F1 Score,Train Time (s)
Multi-Layer Perceptron (Neural Network),0.6600946372239748,0.6609190662344377,0.6600946372239748,0.6582063665773504,319.3395095000001
K-Nearest Neighbors,0.6561514195583596,0.6582759353364391,0.6561514195583596,0.6564184351496481,108.82094779999989
Random Forest,0.6474763406940063,0.6491544766316818,0.6474763406940063,0.6475974536112028,148.26393589999998
Support Vector Machine,0.6466876971608833,0.6462649774593241,0.6466876971608833,0.6459773925414408,123.00298359999988
Decision Tree,0.63801261829653,0.6504262995526664,0.63801261829653,0.6409206154725056,122.24442079999972
Gradient Boosting,0.6293375394321766,0.6207216242829123,0.6293375394321766,0.6188704374747958,234.7602753000001
Logistic Regression,0.5788643533123028,0.5675453696376968,0.5788643533123028,0.5713132436764358,123.3132756
AdaBoost,0.5717665615141956,0.5304017871791121,0.5717665615141956,0.46677258744750477,160.15189349999991
Linear Discriminant Analysis,0.554416403785489,0.6189013232781507,0.554416403785489,0.5409791979830518,123.9010045
Naive Bayes,0.48738170347003157,0.514606239310773,0.48738170347003157,0.49238292865754524,122.15827529999979
